Step,Elements,Execution Time
3,500,184.919µs
" ",2500,3.567319ms
" ",5000,14.925774ms
4,500,151.145µs
" ",2500,3.622457ms
" ",5000,12.977659ms
