Step,Elements,Execution Time
3,500,190.055µs
" ",2500,3.597284ms
" ",5000,14.064358ms
4,500,153.304µs
" ",2500,3.617521ms
" ",5000,13.129302ms
