Step,Elements,Execution Time
3,500,183.028µs
" ",2500,3.58183ms
" ",5000,14.950596ms
4,500,153.476µs
" ",2500,3.666982ms
" ",5000,13.011738ms
