Step,Elements,Execution Time
3,500,184.019µs
" ",2500,3.611013ms
" ",5000,14.910695ms
4,500,152.549µs
" ",2500,3.63494ms
" ",5000,12.986383ms
