Step,Elements,Execution Time
3," "," "
" ",500,183.698µs
" ",2500,3.648078ms
" ",5000,15.345744ms
4," "," "
" ",500,153.237µs
" ",2500,3.714667ms
" ",5000,13.313214ms
