Step,Elements,Execution Time
3,,
,500,190.918µs
,2500,3.734548ms
,5000,14.399533ms
4,,
,500,156.54µs
,2500,3.71133ms
,5000,13.405838ms
