Step,Elements,Execution Time
3,500,184.31µs
3,2500,3.666752ms
3,5000,14.311168ms
4,500,160.485µs
4,2500,3.381195ms
4,5000,14.305567ms
