Step,Elements,Execution Time
3,500,182.949µs
" ",2500,3.639675ms
" ",5000,15.215295ms
4,500,158.546µs
" ",2500,3.706704ms
" ",5000,13.436302ms
