Step,Elements,Execution Time
3," "," "
" ",500,191.484µs
" ",2500,3.670491ms
" ",5000,14.606345ms
4," "," "
" ",500,155.183µs
" ",2500,3.444452ms
" ",5000,13.730696ms
