Step,Elements,Execution Time
3,500,200.41µs
" ",2500,3.589935ms
" ",5000,14.354356ms
4,500,163.021µs
" ",2500,3.637256ms
" ",5000,13.113642ms
