Step,Elements,Execution Time
3,500,190.398µs
" ",2500,3.665461ms
" ",5000,14.417448ms
4,500,154.896µs
" ",2500,3.706409ms
" ",5000,13.449162ms
