Step,Elements,Execution Time
3,500,182.564µs
" ",2500,3.559933ms
" ",5000,14.91104ms
4,500,157.401µs
" ",2500,3.958447ms
" ",5000,13.781581ms
