Step,Elements,Execution Time
3,500,189.006µs
" ",2500,3.610646ms
" ",5000,14.76575ms
4,500,200.188µs
" ",2500,3.882749ms
" ",5000,13.54182ms
