Step,Elements,Execution Time
3,500,188.346µs
" ",2500,3.569816ms
" ",5000,15.022214ms
4,500,153.351µs
" ",2500,3.643643ms
" ",5000,12.980569ms
